driver,lap,position,time,tyres,team,grand_prix,round
ALO,1,7,103.608,start,Aston Martin,Bahrain,1
ALO,2,7,99.792,soft,Aston Martin,Bahrain,1
ALO,3,7,99.1,soft,Aston Martin,Bahrain,1
ALO,4,7,99.548,soft,Aston Martin,Bahrain,1
ALO,5,7,99.662,soft,Aston Martin,Bahrain,1
ALO,6,7,99.674,soft,Aston Martin,Bahrain,1
ALO,7,7,99.729,soft,Aston Martin,Bahrain,1
ALO,8,7,99.959,soft,Aston Martin,Bahrain,1
ALO,9,7,100.275,soft,Aston Martin,Bahrain,1
ALO,10,7,100.203,soft,Aston Martin,Bahrain,1
ALO,11,7,101.147,soft,Aston Martin,Bahrain,1
ALO,12,6,100.934,soft,Aston Martin,Bahrain,1
ALO,13,5,100.341,soft,Aston Martin,Bahrain,1
ALO,14,4,102.212,inlap,Aston Martin,Bahrain,1
ALO,15,8,119.692,outlap,Aston Martin,Bahrain,1
ALO,16,7,97.542,hard,Aston Martin,Bahrain,1
ALO,17,6,98.139,hard,Aston Martin,Bahrain,1
ALO,18,6,98.124,hard,Aston Martin,Bahrain,1
ALO,19,6,98.361,hard,Aston Martin,Bahrain,1
ALO,20,6,98.318,hard,Aston Martin,Bahrain,1
ALO,21,6,98.407,hard,Aston Martin,Bahrain,1
ALO,22,6,98.2,hard,Aston Martin,Bahrain,1
ALO,23,6,97.853,hard,Aston Martin,Bahrain,1
ALO,24,6,97.878,hard,Aston Martin,Bahrain,1
ALO,25,6,98.139,hard,Aston Martin,Bahrain,1
ALO,26,6,98.127,hard,Aston Martin,Bahrain,1
ALO,27,6,98.612,hard,Aston Martin,Bahrain,1
ALO,28,6,98.199,hard,Aston Martin,Bahrain,1
ALO,29,6,98.585,hard,Aston Martin,Bahrain,1
ALO,30,5,98.282,hard,Aston Martin,Bahrain,1
ALO,31,5,98.009,hard,Aston Martin,Bahrain,1
ALO,32,4,97.871,hard,Aston Martin,Bahrain,1
ALO,33,4,97.769,hard,Aston Martin,Bahrain,1
ALO,34,3,100.353,inlap,Aston Martin,Bahrain,1
ALO,35,6,117.389,outlap,Aston Martin,Bahrain,1
ALO,36,6,96.156,hard,Aston Martin,Bahrain,1
ALO,37,6,97.431,hard,Aston Martin,Bahrain,1
ALO,38,5,97.002,hard,Aston Martin,Bahrain,1
ALO,39,5,97.243,hard,Aston Martin,Bahrain,1
ALO,40,4,97.208,hard,Aston Martin,Bahrain,1
ALO,41,4,126.713,vsc,Aston Martin,Bahrain,1
ALO,42,4,96.334,hard,Aston Martin,Bahrain,1
ALO,43,4,96.911,hard,Aston Martin,Bahrain,1
ALO,44,4,97.022,hard,Aston Martin,Bahrain,1
ALO,45,3,97.931,hard,Aston Martin,Bahrain,1
ALO,46,3,97.087,hard,Aston Martin,Bahrain,1
ALO,47,3,97.326,hard,Aston Martin,Bahrain,1
ALO,48,3,96.783,hard,Aston Martin,Bahrain,1
ALO,49,3,96.726,hard,Aston Martin,Bahrain,1
ALO,50,3,96.331,hard,Aston Martin,Bahrain,1
ALO,51,3,96.96,hard,Aston Martin,Bahrain,1
ALO,52,3,97.01,hard,Aston Martin,Bahrain,1
ALO,53,3,97.01,hard,Aston Martin,Bahrain,1
ALO,54,3,97.599,hard,Aston Martin,Bahrain,1
ALO,55,3,97.662,hard,Aston Martin,Bahrain,1
ALO,56,3,97.473,hard,Aston Martin,Bahrain,1
ALO,57,3,97.422,hard,Aston Martin,Bahrain,1
HAM,1,5,102.288,start,Mercedes,Bahrain,1
HAM,2,5,99.166,soft,Mercedes,Bahrain,1
HAM,3,5,99.22,soft,Mercedes,Bahrain,1
HAM,4,5,99.198,soft,Mercedes,Bahrain,1
HAM,5,5,99.335,soft,Mercedes,Bahrain,1
HAM,6,5,99.756,soft,Mercedes,Bahrain,1
HAM,7,5,99.757,soft,Mercedes,Bahrain,1
HAM,8,5,100.267,soft,Mercedes,Bahrain,1
HAM,9,5,100.323,soft,Mercedes,Bahrain,1
HAM,10,5,100.289,soft,Mercedes,Bahrain,1
HAM,11,5,100.752,soft,Mercedes,Bahrain,1
HAM,12,7,103.336,inlap,Mercedes,Bahrain,1
HAM,13,8,119.179,outlap,Mercedes,Bahrain,1
HAM,14,7,98.308,hard,Mercedes,Bahrain,1
HAM,15,6,98.527,hard,Mercedes,Bahrain,1
HAM,16,5,98.617,hard,Mercedes,Bahrain,1
HAM,17,5,98.704,hard,Mercedes,Bahrain,1
HAM,18,5,98.69,hard,Mercedes,Bahrain,1
HAM,19,5,98.684,hard,Mercedes,Bahrain,1
HAM,20,5,98.478,hard,Mercedes,Bahrain,1
HAM,21,5,98.581,hard,Mercedes,Bahrain,1
HAM,22,5,98.46,hard,Mercedes,Bahrain,1
HAM,23,5,98.384,hard,Mercedes,Bahrain,1
HAM,24,5,98.367,hard,Mercedes,Bahrain,1
HAM,25,5,98.29,hard,Mercedes,Bahrain,1
HAM,26,5,98.339,hard,Mercedes,Bahrain,1
HAM,27,5,98.369,hard,Mercedes,Bahrain,1
HAM,28,5,98.265,hard,Mercedes,Bahrain,1
HAM,29,5,98.38,hard,Mercedes,Bahrain,1
HAM,30,6,101.175,inlap,Mercedes,Bahrain,1
HAM,31,7,119.503,outlap,Mercedes,Bahrain,1
HAM,32,6,97.563,hard,Mercedes,Bahrain,1
HAM,33,6,97.549,hard,Mercedes,Bahrain,1
HAM,34,6,98.135,hard,Mercedes,Bahrain,1
HAM,35,5,96.831,hard,Mercedes,Bahrain,1
HAM,36,5,96.546,hard,Mercedes,Bahrain,1
HAM,37,5,97.388,hard,Mercedes,Bahrain,1
HAM,38,6,98.304,hard,Mercedes,Bahrain,1
HAM,39,6,97.478,hard,Mercedes,Bahrain,1
HAM,40,5,97.494,hard,Mercedes,Bahrain,1
HAM,41,5,126.491,vsc,Mercedes,Bahrain,1
HAM,42,5,97.061,hard,Mercedes,Bahrain,1
HAM,43,5,97.111,hard,Mercedes,Bahrain,1
HAM,44,5,97.048,hard,Mercedes,Bahrain,1
HAM,45,5,97.661,hard,Mercedes,Bahrain,1
HAM,46,5,97.779,hard,Mercedes,Bahrain,1
HAM,47,5,98.517,hard,Mercedes,Bahrain,1
HAM,48,5,97.844,hard,Mercedes,Bahrain,1
HAM,49,5,97.954,hard,Mercedes,Bahrain,1
HAM,50,5,97.77,hard,Mercedes,Bahrain,1
HAM,51,5,98.014,hard,Mercedes,Bahrain,1
HAM,52,5,97.803,hard,Mercedes,Bahrain,1
HAM,53,5,97.988,hard,Mercedes,Bahrain,1
HAM,54,5,98.076,hard,Mercedes,Bahrain,1
HAM,55,5,97.955,hard,Mercedes,Bahrain,1
HAM,56,5,98.111,hard,Mercedes,Bahrain,1
HAM,57,5,98.255,hard,Mercedes,Bahrain,1
LEC,1,2,100.23,start,Ferrari,Bahrain,1
LEC,2,2,98.75,soft,Ferrari,Bahrain,1
LEC,3,2,98.658,soft,Ferrari,Bahrain,1
LEC,4,2,98.825,soft,Ferrari,Bahrain,1
LEC,5,2,98.664,soft,Ferrari,Bahrain,1
LEC,6,2,98.572,soft,Ferrari,Bahrain,1
LEC,7,2,98.691,soft,Ferrari,Bahrain,1
LEC,8,2,98.614,soft,Ferrari,Bahrain,1
LEC,9,2,98.828,soft,Ferrari,Bahrain,1
LEC,10,2,99.073,soft,Ferrari,Bahrain,1
LEC,11,2,99.212,soft,Ferrari,Bahrain,1
LEC,12,2,99.489,soft,Ferrari,Bahrain,1
LEC,13,3,102.068,inlap,Ferrari,Bahrain,1
LEC,14,5,118.77,outlap,Ferrari,Bahrain,1
LEC,15,3,98.477,hard,Ferrari,Bahrain,1
LEC,16,3,97.953,hard,Ferrari,Bahrain,1
LEC,17,3,98.031,hard,Ferrari,Bahrain,1
LEC,18,2,97.798,hard,Ferrari,Bahrain,1
LEC,19,2,97.858,hard,Ferrari,Bahrain,1
LEC,20,2,97.631,hard,Ferrari,Bahrain,1
LEC,21,2,97.753,hard,Ferrari,Bahrain,1
LEC,22,2,98.162,hard,Ferrari,Bahrain,1
LEC,23,2,98.054,hard,Ferrari,Bahrain,1
LEC,24,2,97.972,hard,Ferrari,Bahrain,1
LEC,25,2,98.541,hard,Ferrari,Bahrain,1
LEC,26,3,99.668,hard,Ferrari,Bahrain,1
LEC,27,3,98.814,hard,Ferrari,Bahrain,1
LEC,28,3,98.618,hard,Ferrari,Bahrain,1
LEC,29,3,98.447,hard,Ferrari,Bahrain,1
LEC,30,3,98.39,hard,Ferrari,Bahrain,1
LEC,31,3,98.746,hard,Ferrari,Bahrain,1
LEC,32,3,98.948,hard,Ferrari,Bahrain,1
LEC,33,3,101.323,inlap,Ferrari,Bahrain,1
LEC,34,4,119.477,outlap,Ferrari,Bahrain,1
LEC,35,3,98.073,hard,Ferrari,Bahrain,1
LEC,36,3,97.313,hard,Ferrari,Bahrain,1
LEC,37,3,97.17,hard,Ferrari,Bahrain,1
LEC,38,3,97.17,hard,Ferrari,Bahrain,1
LEC,39,3,97.287,hard,Ferrari,Bahrain,1
PER,1,3,101.063,start,Red Bull,Bahrain,1
PER,2,3,98.862,soft,Red Bull,Bahrain,1
PER,3,3,98.83,soft,Red Bull,Bahrain,1
PER,4,3,98.758,soft,Red Bull,Bahrain,1
PER,5,3,98.404,soft,Red Bull,Bahrain,1
PER,6,3,98.718,soft,Red Bull,Bahrain,1
PER,7,3,98.804,soft,Red Bull,Bahrain,1
PER,8,3,99.172,soft,Red Bull,Bahrain,1
PER,9,3,98.914,soft,Red Bull,Bahrain,1
PER,10,3,99.085,soft,Red Bull,Bahrain,1
PER,11,3,99.249,soft,Red Bull,Bahrain,1
PER,12,3,99.197,soft,Red Bull,Bahrain,1
PER,13,2,99.336,soft,Red Bull,Bahrain,1
PER,14,2,98.739,soft,Red Bull,Bahrain,1
PER,15,1,98.608,soft,Red Bull,Bahrain,1
PER,16,1,98.77,soft,Red Bull,Bahrain,1
PER,17,1,101.36,inlap,Red Bull,Bahrain,1
PER,18,3,118.797,outlap,Red Bull,Bahrain,1
PER,19,3,97.659,soft,Red Bull,Bahrain,1
PER,20,3,97.448,soft,Red Bull,Bahrain,1
PER,21,3,97.24,soft,Red Bull,Bahrain,1
PER,22,3,97.169,soft,Red Bull,Bahrain,1
PER,23,3,97.304,soft,Red Bull,Bahrain,1
PER,24,3,97.352,soft,Red Bull,Bahrain,1
PER,25,3,98.418,soft,Red Bull,Bahrain,1
PER,26,2,97.454,soft,Red Bull,Bahrain,1
PER,27,2,97.387,soft,Red Bull,Bahrain,1
PER,28,2,97.211,soft,Red Bull,Bahrain,1
PER,29,2,97.733,soft,Red Bull,Bahrain,1
PER,30,2,97.4,soft,Red Bull,Bahrain,1
PER,31,2,97.919,soft,Red Bull,Bahrain,1
PER,32,2,97.722,soft,Red Bull,Bahrain,1
PER,33,2,97.869,soft,Red Bull,Bahrain,1
PER,34,2,100.686,inlap,Red Bull,Bahrain,1
PER,35,2,118.785,outlap,Red Bull,Bahrain,1
PER,36,2,96.82,hard,Red Bull,Bahrain,1
PER,37,2,96.344,hard,Red Bull,Bahrain,1
PER,38,2,96.431,hard,Red Bull,Bahrain,1
PER,39,2,96.429,hard,Red Bull,Bahrain,1
PER,40,2,97.114,hard,Red Bull,Bahrain,1
PER,41,2,123.522,vsc,Red Bull,Bahrain,1
PER,42,2,99.657,vsc,Red Bull,Bahrain,1
PER,43,2,96.554,hard,Red Bull,Bahrain,1
PER,44,2,96.978,hard,Red Bull,Bahrain,1
PER,45,2,96.928,hard,Red Bull,Bahrain,1
PER,46,2,97.257,hard,Red Bull,Bahrain,1
PER,47,2,96.661,hard,Red Bull,Bahrain,1
PER,48,2,96.859,hard,Red Bull,Bahrain,1
PER,49,2,97.049,hard,Red Bull,Bahrain,1
PER,50,2,97.731,hard,Red Bull,Bahrain,1
PER,51,2,97.049,hard,Red Bull,Bahrain,1
PER,52,2,97.062,hard,Red Bull,Bahrain,1
PER,53,2,97.345,hard,Red Bull,Bahrain,1
PER,54,2,97.296,hard,Red Bull,Bahrain,1
PER,55,2,97.092,hard,Red Bull,Bahrain,1
PER,56,2,96.565,hard,Red Bull,Bahrain,1
PER,57,2,96.558,hard,Red Bull,Bahrain,1
RUS,1,6,102.662,start,Mercedes,Bahrain,1
RUS,2,6,99.59,soft,Mercedes,Bahrain,1
RUS,3,6,99.093,soft,Mercedes,Bahrain,1
RUS,4,6,99.261,soft,Mercedes,Bahrain,1
RUS,5,6,99.549,soft,Mercedes,Bahrain,1
RUS,6,6,99.493,soft,Mercedes,Bahrain,1
RUS,7,6,100.056,soft,Mercedes,Bahrain,1
RUS,8,6,100.31,soft,Mercedes,Bahrain,1
RUS,9,6,100.42,soft,Mercedes,Bahrain,1
RUS,10,6,100.532,soft,Mercedes,Bahrain,1
RUS,11,6,101.085,soft,Mercedes,Bahrain,1
RUS,12,5,101.112,soft,Mercedes,Bahrain,1
RUS,13,7,104.691,inlap,Mercedes,Bahrain,1
RUS,14,10,121.269,outlap,Mercedes,Bahrain,1
RUS,15,9,97.46,hard,Mercedes,Bahrain,1
RUS,16,8,97.833,hard,Mercedes,Bahrain,1
RUS,17,8,98.604,hard,Mercedes,Bahrain,1
RUS,18,7,98.427,hard,Mercedes,Bahrain,1
RUS,19,7,98.512,hard,Mercedes,Bahrain,1
RUS,20,7,98.578,hard,Mercedes,Bahrain,1
RUS,21,7,98.555,hard,Mercedes,Bahrain,1
RUS,22,7,98.438,hard,Mercedes,Bahrain,1
RUS,23,7,98.773,hard,Mercedes,Bahrain,1
RUS,24,7,98.643,hard,Mercedes,Bahrain,1
RUS,25,7,98.487,hard,Mercedes,Bahrain,1
RUS,26,7,98.462,hard,Mercedes,Bahrain,1
RUS,27,7,98.625,hard,Mercedes,Bahrain,1
RUS,28,7,98.448,hard,Mercedes,Bahrain,1
RUS,29,7,98.792,hard,Mercedes,Bahrain,1
RUS,30,7,98.541,hard,Mercedes,Bahrain,1
RUS,31,6,101.035,inlap,Mercedes,Bahrain,1
RUS,32,8,118.694,outlap,Mercedes,Bahrain,1
RUS,33,8,97.221,hard,Mercedes,Bahrain,1
RUS,34,8,97.311,hard,Mercedes,Bahrain,1
RUS,35,8,97.592,hard,Mercedes,Bahrain,1
RUS,36,8,97.607,hard,Mercedes,Bahrain,1
RUS,37,8,97.822,hard,Mercedes,Bahrain,1
RUS,38,8,97.66,hard,Mercedes,Bahrain,1
RUS,39,8,97.495,hard,Mercedes,Bahrain,1
RUS,40,7,98.085,hard,Mercedes,Bahrain,1
RUS,41,7,126.293,vsc,Mercedes,Bahrain,1
RUS,42,7,97.035,hard,Mercedes,Bahrain,1
RUS,43,7,97.48,hard,Mercedes,Bahrain,1
RUS,44,7,97.597,hard,Mercedes,Bahrain,1
RUS,45,7,97.316,hard,Mercedes,Bahrain,1
RUS,46,7,97.571,hard,Mercedes,Bahrain,1
RUS,47,7,97.432,hard,Mercedes,Bahrain,1
RUS,48,7,97.52,hard,Mercedes,Bahrain,1
RUS,49,7,97.718,hard,Mercedes,Bahrain,1
RUS,50,7,97.383,hard,Mercedes,Bahrain,1
RUS,51,7,97.825,hard,Mercedes,Bahrain,1
RUS,52,7,97.589,hard,Mercedes,Bahrain,1
RUS,53,7,97.841,hard,Mercedes,Bahrain,1
RUS,54,7,97.923,hard,Mercedes,Bahrain,1
RUS,55,7,97.86,hard,Mercedes,Bahrain,1
RUS,56,7,97.636,hard,Mercedes,Bahrain,1
RUS,57,7,97.767,hard,Mercedes,Bahrain,1
SAI,1,4,101.659,start,Ferrari,Bahrain,1
SAI,2,4,98.933,soft,Ferrari,Bahrain,1
SAI,3,4,99.042,soft,Ferrari,Bahrain,1
SAI,4,4,98.985,soft,Ferrari,Bahrain,1
SAI,5,4,99.128,soft,Ferrari,Bahrain,1
SAI,6,4,99.474,soft,Ferrari,Bahrain,1
SAI,7,4,99.502,soft,Ferrari,Bahrain,1
SAI,8,4,99.779,soft,Ferrari,Bahrain,1
SAI,9,4,99.744,soft,Ferrari,Bahrain,1
SAI,10,4,100.102,soft,Ferrari,Bahrain,1
SAI,11,4,100.507,soft,Ferrari,Bahrain,1
SAI,12,4,100.52,soft,Ferrari,Bahrain,1
SAI,13,4,103.31,inlap,Ferrari,Bahrain,1
SAI,14,6,119.006,outlap,Ferrari,Bahrain,1
SAI,15,5,97.985,hard,Ferrari,Bahrain,1
SAI,16,4,98.433,hard,Ferrari,Bahrain,1
SAI,17,4,98.161,hard,Ferrari,Bahrain,1
SAI,18,4,98.287,hard,Ferrari,Bahrain,1
SAI,19,4,98.21,hard,Ferrari,Bahrain,1
SAI,20,4,98.096,hard,Ferrari,Bahrain,1
SAI,21,4,98.24,hard,Ferrari,Bahrain,1
SAI,22,4,98.453,hard,Ferrari,Bahrain,1
SAI,23,4,98.597,hard,Ferrari,Bahrain,1
SAI,24,4,98.314,hard,Ferrari,Bahrain,1
SAI,25,4,98.571,hard,Ferrari,Bahrain,1
SAI,26,4,98.331,hard,Ferrari,Bahrain,1
SAI,27,4,98.423,hard,Ferrari,Bahrain,1
SAI,28,4,98.474,hard,Ferrari,Bahrain,1
SAI,29,4,98.55,hard,Ferrari,Bahrain,1
SAI,30,4,98.601,hard,Ferrari,Bahrain,1
SAI,31,4,101.274,inlap,Ferrari,Bahrain,1
SAI,32,5,118.492,outlap,Ferrari,Bahrain,1
SAI,33,5,97.548,hard,Ferrari,Bahrain,1
SAI,34,5,97.475,hard,Ferrari,Bahrain,1
SAI,35,4,97.441,hard,Ferrari,Bahrain,1
SAI,36,4,97.706,hard,Ferrari,Bahrain,1
SAI,37,4,97.13,hard,Ferrari,Bahrain,1
SAI,38,4,97.444,hard,Ferrari,Bahrain,1
SAI,39,4,97.403,hard,Ferrari,Bahrain,1
SAI,40,3,97.587,hard,Ferrari,Bahrain,1
SAI,41,3,126.436,vsc,Ferrari,Bahrain,1
SAI,42,3,97.375,hard,Ferrari,Bahrain,1
SAI,43,3,97.294,hard,Ferrari,Bahrain,1
SAI,44,3,97.389,hard,Ferrari,Bahrain,1
SAI,45,4,99.561,hard,Ferrari,Bahrain,1
SAI,46,4,97.844,hard,Ferrari,Bahrain,1
SAI,47,4,98.222,hard,Ferrari,Bahrain,1
SAI,48,4,97.897,hard,Ferrari,Bahrain,1
SAI,49,4,97.765,hard,Ferrari,Bahrain,1
SAI,50,4,97.604,hard,Ferrari,Bahrain,1
SAI,51,4,97.672,hard,Ferrari,Bahrain,1
SAI,52,4,97.49,hard,Ferrari,Bahrain,1
SAI,53,4,97.66,hard,Ferrari,Bahrain,1
SAI,54,4,97.694,hard,Ferrari,Bahrain,1
SAI,55,4,97.821,hard,Ferrari,Bahrain,1
SAI,56,4,98.126,hard,Ferrari,Bahrain,1
SAI,57,4,98.021,hard,Ferrari,Bahrain,1
STR,1,9,104.67,start,Aston Martin,Bahrain,1
STR,2,9,99.892,soft,Aston Martin,Bahrain,1
STR,3,9,99.625,soft,Aston Martin,Bahrain,1
STR,4,9,99.745,soft,Aston Martin,Bahrain,1
STR,5,8,99.144,soft,Aston Martin,Bahrain,1
STR,6,8,99.714,soft,Aston Martin,Bahrain,1
STR,7,8,99.945,soft,Aston Martin,Bahrain,1
STR,8,8,99.801,soft,Aston Martin,Bahrain,1
STR,9,8,100.106,soft,Aston Martin,Bahrain,1
STR,10,8,100.192,soft,Aston Martin,Bahrain,1
STR,11,8,100.923,soft,Aston Martin,Bahrain,1
STR,12,8,101.039,soft,Aston Martin,Bahrain,1
STR,13,6,101.12,soft,Aston Martin,Bahrain,1
STR,14,3,100.002,soft,Aston Martin,Bahrain,1
STR,15,4,102.841,inlap,Aston Martin,Bahrain,1
STR,16,9,119.876,outlap,Aston Martin,Bahrain,1
STR,17,9,97.507,hard,Aston Martin,Bahrain,1
STR,18,9,98.127,hard,Aston Martin,Bahrain,1
STR,19,9,98.587,hard,Aston Martin,Bahrain,1
STR,20,8,98.038,hard,Aston Martin,Bahrain,1
STR,21,8,98.273,hard,Aston Martin,Bahrain,1
STR,22,8,98.73,hard,Aston Martin,Bahrain,1
STR,23,8,98.295,hard,Aston Martin,Bahrain,1
STR,24,8,98.478,hard,Aston Martin,Bahrain,1
STR,25,8,98.25,hard,Aston Martin,Bahrain,1
STR,26,8,98.482,hard,Aston Martin,Bahrain,1
STR,27,8,99.021,hard,Aston Martin,Bahrain,1
STR,28,8,98.723,hard,Aston Martin,Bahrain,1
STR,29,8,98.71,hard,Aston Martin,Bahrain,1
STR,30,8,101.467,inlap,Aston Martin,Bahrain,1
STR,31,8,117.063,outlap,Aston Martin,Bahrain,1
STR,32,7,96.546,hard,Aston Martin,Bahrain,1
STR,33,7,97.21,hard,Aston Martin,Bahrain,1
STR,34,7,97.168,hard,Aston Martin,Bahrain,1
STR,35,7,97.521,hard,Aston Martin,Bahrain,1
STR,36,7,97.72,hard,Aston Martin,Bahrain,1
STR,37,7,97.68,hard,Aston Martin,Bahrain,1
STR,38,7,97.274,hard,Aston Martin,Bahrain,1
STR,39,7,97.456,hard,Aston Martin,Bahrain,1
STR,40,6,97.916,hard,Aston Martin,Bahrain,1
STR,41,6,126.809,vsc,Aston Martin,Bahrain,1
STR,42,6,97.298,hard,Aston Martin,Bahrain,1
STR,43,6,97.304,hard,Aston Martin,Bahrain,1
STR,44,6,97.299,hard,Aston Martin,Bahrain,1
STR,45,6,97.222,hard,Aston Martin,Bahrain,1
STR,46,6,97.562,hard,Aston Martin,Bahrain,1
STR,47,6,97.257,hard,Aston Martin,Bahrain,1
STR,48,6,97.448,hard,Aston Martin,Bahrain,1
STR,49,6,97.551,hard,Aston Martin,Bahrain,1
STR,50,6,97.388,hard,Aston Martin,Bahrain,1
STR,51,6,97.866,hard,Aston Martin,Bahrain,1
STR,52,6,97.579,hard,Aston Martin,Bahrain,1
STR,53,6,98.379,hard,Aston Martin,Bahrain,1
STR,54,6,97.597,hard,Aston Martin,Bahrain,1
STR,55,6,97.701,hard,Aston Martin,Bahrain,1
STR,56,6,98.11,hard,Aston Martin,Bahrain,1
STR,57,6,97.991,hard,Aston Martin,Bahrain,1
VER,1,1,99.019,start,Red Bull,Bahrain,1
VER,2,1,97.974,soft,Red Bull,Bahrain,1
VER,3,1,98.006,soft,Red Bull,Bahrain,1
VER,4,1,97.976,soft,Red Bull,Bahrain,1
VER,5,1,98.035,soft,Red Bull,Bahrain,1
VER,6,1,97.986,soft,Red Bull,Bahrain,1
VER,7,1,98.021,soft,Red Bull,Bahrain,1
VER,8,1,98.154,soft,Red Bull,Bahrain,1
VER,9,1,98.278,soft,Red Bull,Bahrain,1
VER,10,1,98.369,soft,Red Bull,Bahrain,1
VER,11,1,98.483,soft,Red Bull,Bahrain,1
VER,12,1,98.591,soft,Red Bull,Bahrain,1
VER,13,1,98.482,soft,Red Bull,Bahrain,1
VER,14,1,101.295,inlap,Red Bull,Bahrain,1
VER,15,2,118.378,outlap,Red Bull,Bahrain,1
VER,16,2,97.801,soft,Red Bull,Bahrain,1
VER,17,2,97.648,soft,Red Bull,Bahrain,1
VER,18,1,97.614,soft,Red Bull,Bahrain,1
VER,19,1,97.712,soft,Red Bull,Bahrain,1
VER,20,1,97.788,soft,Red Bull,Bahrain,1
VER,21,1,97.582,soft,Red Bull,Bahrain,1
VER,22,1,97.651,soft,Red Bull,Bahrain,1
VER,23,1,97.552,soft,Red Bull,Bahrain,1
VER,24,1,97.387,soft,Red Bull,Bahrain,1
VER,25,1,97.372,soft,Red Bull,Bahrain,1
VER,26,1,97.682,soft,Red Bull,Bahrain,1
VER,27,1,97.379,soft,Red Bull,Bahrain,1
VER,28,1,97.651,soft,Red Bull,Bahrain,1
VER,29,1,97.571,soft,Red Bull,Bahrain,1
VER,30,1,97.549,soft,Red Bull,Bahrain,1
VER,31,1,97.431,soft,Red Bull,Bahrain,1
VER,32,1,97.691,soft,Red Bull,Bahrain,1
VER,33,1,97.686,soft,Red Bull,Bahrain,1
VER,34,1,97.839,soft,Red Bull,Bahrain,1
VER,35,1,97.85,soft,Red Bull,Bahrain,1
VER,36,1,100.964,inlap,Red Bull,Bahrain,1
VER,37,1,118.49,outlap,Red Bull,Bahrain,1
VER,38,1,96.297,hard,Red Bull,Bahrain,1
VER,39,1,96.446,hard,Red Bull,Bahrain,1
VER,40,1,96.942,hard,Red Bull,Bahrain,1
VER,41,1,120.495,vsc,Red Bull,Bahrain,1
VER,42,1,104.824,vsc,Red Bull,Bahrain,1
VER,43,1,96.89,hard,Red Bull,Bahrain,1
VER,44,1,96.236,hard,Red Bull,Bahrain,1
VER,45,1,97.015,hard,Red Bull,Bahrain,1
VER,46,1,96.701,hard,Red Bull,Bahrain,1
VER,47,1,97.009,hard,Red Bull,Bahrain,1
VER,48,1,96.918,hard,Red Bull,Bahrain,1
VER,49,1,96.962,hard,Red Bull,Bahrain,1
VER,50,1,97.25,hard,Red Bull,Bahrain,1
VER,51,1,97.427,hard,Red Bull,Bahrain,1
VER,52,1,96.919,hard,Red Bull,Bahrain,1
VER,53,1,96.89,hard,Red Bull,Bahrain,1
VER,54,1,96.678,hard,Red Bull,Bahrain,1
VER,55,1,96.322,hard,Red Bull,Bahrain,1
VER,56,1,97.205,hard,Red Bull,Bahrain,1
VER,57,1,96.373,hard,Red Bull,Bahrain,1
ALO,1,1,96.851,start,Aston Martin,Saudi Arabia,2
ALO,2,1,95.567,medium,Aston Martin,Saudi Arabia,2
ALO,3,1,95.14,medium,Aston Martin,Saudi Arabia,2
ALO,4,2,96.664,medium,Aston Martin,Saudi Arabia,2
ALO,5,2,94.92,medium,Aston Martin,Saudi Arabia,2
ALO,6,2,94.658,medium,Aston Martin,Saudi Arabia,2
ALO,7,2,94.422,medium,Aston Martin,Saudi Arabia,2
ALO,8,2,94.398,medium,Aston Martin,Saudi Arabia,2
ALO,9,2,94.4,medium,Aston Martin,Saudi Arabia,2
ALO,10,2,94.835,medium,Aston Martin,Saudi Arabia,2
ALO,11,2,94.982,medium,Aston Martin,Saudi Arabia,2
ALO,12,2,94.927,medium,Aston Martin,Saudi Arabia,2
ALO,13,2,94.918,medium,Aston Martin,Saudi Arabia,2
ALO,14,2,94.837,medium,Aston Martin,Saudi Arabia,2
ALO,15,2,94.717,medium,Aston Martin,Saudi Arabia,2
ALO,16,2,94.842,medium,Aston Martin,Saudi Arabia,2
ALO,17,2,94.595,medium,Aston Martin,Saudi Arabia,2
ALO,18,2,129.623,sc,Aston Martin,Saudi Arabia,2
ALO,19,2,184.156,sc,Aston Martin,Saudi Arabia,2
ALO,20,2,159.344,sc,Aston Martin,Saudi Arabia,2
ALO,21,2,96.033,hard,Aston Martin,Saudi Arabia,2
ALO,22,2,94.738,hard,Aston Martin,Saudi Arabia,2
ALO,23,2,94.771,hard,Aston Martin,Saudi Arabia,2
ALO,24,2,94.836,hard,Aston Martin,Saudi Arabia,2
ALO,25,3,94.136,hard,Aston Martin,Saudi Arabia,2
ALO,26,3,94.119,hard,Aston Martin,Saudi Arabia,2
ALO,27,3,94.246,hard,Aston Martin,Saudi Arabia,2
ALO,28,3,94.062,hard,Aston Martin,Saudi Arabia,2
ALO,29,3,93.988,hard,Aston Martin,Saudi Arabia,2
ALO,30,3,93.654,hard,Aston Martin,Saudi Arabia,2
ALO,31,3,93.605,hard,Aston Martin,Saudi Arabia,2
ALO,32,3,93.401,hard,Aston Martin,Saudi Arabia,2
ALO,33,3,93.337,hard,Aston Martin,Saudi Arabia,2
ALO,34,3,93.22,hard,Aston Martin,Saudi Arabia,2
ALO,35,3,93.514,hard,Aston Martin,Saudi Arabia,2
ALO,36,3,93.323,hard,Aston Martin,Saudi Arabia,2
ALO,37,3,93.175,hard,Aston Martin,Saudi Arabia,2
ALO,38,3,93.174,hard,Aston Martin,Saudi Arabia,2
ALO,39,3,93.249,hard,Aston Martin,Saudi Arabia,2
ALO,40,3,92.768,hard,Aston Martin,Saudi Arabia,2
ALO,41,3,93.127,hard,Aston Martin,Saudi Arabia,2
ALO,42,3,93.156,hard,Aston Martin,Saudi Arabia,2
ALO,43,3,93.207,hard,Aston Martin,Saudi Arabia,2
ALO,44,3,93.189,hard,Aston Martin,Saudi Arabia,2
ALO,45,3,93.075,hard,Aston Martin,Saudi Arabia,2
ALO,46,3,92.979,hard,Aston Martin,Saudi Arabia,2
ALO,47,3,92.887,hard,Aston Martin,Saudi Arabia,2
ALO,48,3,92.802,hard,Aston Martin,Saudi Arabia,2
ALO,49,3,92.815,hard,Aston Martin,Saudi Arabia,2
ALO,50,3,92.24,hard,Aston Martin,Saudi Arabia,2
HAM,1,7,101.038,start,Mercedes,Saudi Arabia,2
HAM,2,7,97.188,hard,Mercedes,Saudi Arabia,2
HAM,3,7,96.628,hard,Mercedes,Saudi Arabia,2
HAM,4,7,96.263,hard,Mercedes,Saudi Arabia,2
HAM,5,7,95.867,hard,Mercedes,Saudi Arabia,2
HAM,6,7,95.973,hard,Mercedes,Saudi Arabia,2
HAM,7,7,96.093,hard,Mercedes,Saudi Arabia,2
HAM,8,7,96.122,hard,Mercedes,Saudi Arabia,2
HAM,9,8,96.978,hard,Mercedes,Saudi Arabia,2
HAM,10,8,95.976,hard,Mercedes,Saudi Arabia,2
HAM,11,8,95.909,hard,Mercedes,Saudi Arabia,2
HAM,12,9,96.568,hard,Mercedes,Saudi Arabia,2
HAM,13,9,95.822,hard,Mercedes,Saudi Arabia,2
HAM,14,8,95.708,hard,Mercedes,Saudi Arabia,2
HAM,15,8,95.693,hard,Mercedes,Saudi Arabia,2
HAM,16,6,95.228,hard,Mercedes,Saudi Arabia,2
HAM,17,5,95.047,hard,Mercedes,Saudi Arabia,2
HAM,18,5,136.76,sc,Mercedes,Saudi Arabia,2
HAM,19,6,160.428,sc,Mercedes,Saudi Arabia,2
HAM,20,6,154.637,sc,Mercedes,Saudi Arabia,2
HAM,21,6,97.234,medium,Mercedes,Saudi Arabia,2
HAM,22,5,95.182,medium,Mercedes,Saudi Arabia,2
HAM,23,5,94.715,medium,Mercedes,Saudi Arabia,2
HAM,24,5,94.335,medium,Mercedes,Saudi Arabia,2
HAM,25,5,94.734,medium,Mercedes,Saudi Arabia,2
HAM,26,5,93.998,medium,Mercedes,Saudi Arabia,2
HAM,27,5,93.985,medium,Mercedes,Saudi Arabia,2
HAM,28,5,94.234,medium,Mercedes,Saudi Arabia,2
HAM,29,5,94.186,medium,Mercedes,Saudi Arabia,2
HAM,30,5,94.447,medium,Mercedes,Saudi Arabia,2
HAM,31,5,93.846,medium,Mercedes,Saudi Arabia,2
HAM,32,5,94.071,medium,Mercedes,Saudi Arabia,2
HAM,33,5,93.874,medium,Mercedes,Saudi Arabia,2
HAM,34,5,93.864,medium,Mercedes,Saudi Arabia,2
HAM,35,5,93.887,medium,Mercedes,Saudi Arabia,2
HAM,36,5,93.39,medium,Mercedes,Saudi Arabia,2
HAM,37,5,93.625,medium,Mercedes,Saudi Arabia,2
HAM,38,5,93.653,medium,Mercedes,Saudi Arabia,2
HAM,39,5,93.383,medium,Mercedes,Saudi Arabia,2
HAM,40,5,93.507,medium,Mercedes,Saudi Arabia,2
HAM,41,5,93.22,medium,Mercedes,Saudi Arabia,2
HAM,42,5,93.314,medium,Mercedes,Saudi Arabia,2
HAM,43,5,93.011,medium,Mercedes,Saudi Arabia,2
HAM,44,5,93.099,medium,Mercedes,Saudi Arabia,2
HAM,45,5,93.054,medium,Mercedes,Saudi Arabia,2
HAM,46,5,93.316,medium,Mercedes,Saudi Arabia,2
HAM,47,5,92.941,medium,Mercedes,Saudi Arabia,2
HAM,48,5,93.367,medium,Mercedes,Saudi Arabia,2
HAM,49,5,93.537,medium,Mercedes,Saudi Arabia,2
HAM,50,5,93.024,medium,Mercedes,Saudi Arabia,2
LEC,1,9,103.306,start,Ferrari,Saudi Arabia,2
LEC,2,9,96.907,soft,Ferrari,Saudi Arabia,2
LEC,3,9,95.825,soft,Ferrari,Saudi Arabia,2
LEC,4,9,95.871,soft,Ferrari,Saudi Arabia,2
LEC,5,9,96.275,soft,Ferrari,Saudi Arabia,2
LEC,6,9,95.347,soft,Ferrari,Saudi Arabia,2
LEC,7,8,96.117,soft,Ferrari,Saudi Arabia,2
LEC,8,8,95.858,soft,Ferrari,Saudi Arabia,2
LEC,9,7,95.364,soft,Ferrari,Saudi Arabia,2
LEC,10,7,95.612,soft,Ferrari,Saudi Arabia,2
LEC,11,7,95.125,soft,Ferrari,Saudi Arabia,2
LEC,12,7,95.438,soft,Ferrari,Saudi Arabia,2
LEC,13,6,95.226,soft,Ferrari,Saudi Arabia,2
LEC,14,5,94.609,soft,Ferrari,Saudi Arabia,2
LEC,15,5,95.071,soft,Ferrari,Saudi Arabia,2
LEC,16,5,97.681,inlap,Ferrari,Saudi Arabia,2
LEC,17,8,119.434,outlap,Ferrari,Saudi Arabia,2
LEC,18,7,134.267,sc,Ferrari,Saudi Arabia,2
LEC,19,7,143.866,sc,Ferrari,Saudi Arabia,2
LEC,20,7,153.149,sc,Ferrari,Saudi Arabia,2
LEC,21,7,98.031,hard,Ferrari,Saudi Arabia,2
LEC,22,7,95.7,hard,Ferrari,Saudi Arabia,2
LEC,23,7,94.853,hard,Ferrari,Saudi Arabia,2
LEC,24,7,95.403,hard,Ferrari,Saudi Arabia,2
LEC,25,7,94.742,hard,Ferrari,Saudi Arabia,2
LEC,26,7,94.432,hard,Ferrari,Saudi Arabia,2
LEC,27,7,94.681,hard,Ferrari,Saudi Arabia,2
LEC,28,7,94.886,hard,Ferrari,Saudi Arabia,2
LEC,29,7,94.321,hard,Ferrari,Saudi Arabia,2
LEC,30,7,94.334,hard,Ferrari,Saudi Arabia,2
LEC,31,7,94.082,hard,Ferrari,Saudi Arabia,2
LEC,32,7,94.701,hard,Ferrari,Saudi Arabia,2
LEC,33,7,93.787,hard,Ferrari,Saudi Arabia,2
LEC,34,7,93.716,hard,Ferrari,Saudi Arabia,2
LEC,35,7,94.341,hard,Ferrari,Saudi Arabia,2
LEC,36,7,93.749,hard,Ferrari,Saudi Arabia,2
LEC,37,7,93.839,hard,Ferrari,Saudi Arabia,2
LEC,38,7,93.713,hard,Ferrari,Saudi Arabia,2
LEC,39,7,93.479,hard,Ferrari,Saudi Arabia,2
LEC,40,7,93.569,hard,Ferrari,Saudi Arabia,2
LEC,41,7,93.155,hard,Ferrari,Saudi Arabia,2
LEC,42,7,93.384,hard,Ferrari,Saudi Arabia,2
LEC,43,7,93.447,hard,Ferrari,Saudi Arabia,2
LEC,44,7,93.322,hard,Ferrari,Saudi Arabia,2
LEC,45,7,93.238,hard,Ferrari,Saudi Arabia,2
LEC,46,7,93.419,hard,Ferrari,Saudi Arabia,2
LEC,47,7,93.056,hard,Ferrari,Saudi Arabia,2
LEC,48,7,94.119,hard,Ferrari,Saudi Arabia,2
LEC,49,7,93.942,hard,Ferrari,Saudi Arabia,2
LEC,50,7,96.267,hard,Ferrari,Saudi Arabia,2
PER,1,2,97.257,start,Red Bull,Saudi Arabia,2
PER,2,2,95.906,medium,Red Bull,Saudi Arabia,2
PER,3,2,94.829,medium,Red Bull,Saudi Arabia,2
PER,4,1,95.651,medium,Red Bull,Saudi Arabia,2
PER,5,1,94.873,medium,Red Bull,Saudi Arabia,2
PER,6,1,94.621,medium,Red Bull,Saudi Arabia,2
PER,7,1,94.277,medium,Red Bull,Saudi Arabia,2
PER,8,1,94.477,medium,Red Bull,Saudi Arabia,2
PER,9,1,94.255,medium,Red Bull,Saudi Arabia,2
PER,10,1,94.106,medium,Red Bull,Saudi Arabia,2
PER,11,1,94.075,medium,Red Bull,Saudi Arabia,2
PER,12,1,94.16,medium,Red Bull,Saudi Arabia,2
PER,13,1,94.263,medium,Red Bull,Saudi Arabia,2
PER,14,1,94.409,medium,Red Bull,Saudi Arabia,2
PER,15,1,94.392,medium,Red Bull,Saudi Arabia,2
PER,16,1,94.19,medium,Red Bull,Saudi Arabia,2
PER,17,1,93.961,medium,Red Bull,Saudi Arabia,2
PER,18,1,127.357,sc,Red Bull,Saudi Arabia,2
PER,19,1,190.334,sc,Red Bull,Saudi Arabia,2
PER,20,1,160.799,sc,Red Bull,Saudi Arabia,2
PER,21,1,94.557,hard,Red Bull,Saudi Arabia,2
PER,22,1,93.895,hard,Red Bull,Saudi Arabia,2
PER,23,1,93.464,hard,Red Bull,Saudi Arabia,2
PER,24,1,93.44,hard,Red Bull,Saudi Arabia,2
PER,25,1,93.426,hard,Red Bull,Saudi Arabia,2
PER,26,1,93.072,hard,Red Bull,Saudi Arabia,2
PER,27,1,92.891,hard,Red Bull,Saudi Arabia,2
PER,28,1,93.025,hard,Red Bull,Saudi Arabia,2
PER,29,1,92.726,hard,Red Bull,Saudi Arabia,2
PER,30,1,92.726,hard,Red Bull,Saudi Arabia,2
PER,31,1,92.554,hard,Red Bull,Saudi Arabia,2
PER,32,1,92.498,hard,Red Bull,Saudi Arabia,2
PER,33,1,92.55,hard,Red Bull,Saudi Arabia,2
PER,34,1,92.294,hard,Red Bull,Saudi Arabia,2
PER,35,1,92.68,hard,Red Bull,Saudi Arabia,2
PER,36,1,92.292,hard,Red Bull,Saudi Arabia,2
PER,37,1,92.638,hard,Red Bull,Saudi Arabia,2
PER,38,1,92.188,hard,Red Bull,Saudi Arabia,2
PER,39,1,93.19,hard,Red Bull,Saudi Arabia,2
PER,40,1,92.83,hard,Red Bull,Saudi Arabia,2
PER,41,1,92.637,hard,Red Bull,Saudi Arabia,2
PER,42,1,92.235,hard,Red Bull,Saudi Arabia,2
PER,43,1,92.308,hard,Red Bull,Saudi Arabia,2
PER,44,1,92.267,hard,Red Bull,Saudi Arabia,2
PER,45,1,92.419,hard,Red Bull,Saudi Arabia,2
PER,46,1,92.933,hard,Red Bull,Saudi Arabia,2
PER,47,1,92.895,hard,Red Bull,Saudi Arabia,2
PER,48,1,93.075,hard,Red Bull,Saudi Arabia,2
PER,49,1,93.306,hard,Red Bull,Saudi Arabia,2
PER,50,1,93.691,hard,Red Bull,Saudi Arabia,2
RUS,1,3,98.652,start,Mercedes,Saudi Arabia,2
RUS,2,3,96.114,medium,Mercedes,Saudi Arabia,2
RUS,3,3,95.3,medium,Mercedes,Saudi Arabia,2
RUS,4,3,95.596,medium,Mercedes,Saudi Arabia,2
RUS,5,3,95.423,medium,Mercedes,Saudi Arabia,2
RUS,6,3,95.477,medium,Mercedes,Saudi Arabia,2
RUS,7,3,95.256,medium,Mercedes,Saudi Arabia,2
RUS,8,3,95.157,medium,Mercedes,Saudi Arabia,2
RUS,9,3,95.89,medium,Mercedes,Saudi Arabia,2
RUS,10,3,95.265,medium,Mercedes,Saudi Arabia,2
RUS,11,3,95.4,medium,Mercedes,Saudi Arabia,2
RUS,12,3,95.283,medium,Mercedes,Saudi Arabia,2
RUS,13,3,95.043,medium,Mercedes,Saudi Arabia,2
RUS,14,3,94.94,medium,Mercedes,Saudi Arabia,2
RUS,15,3,94.946,medium,Mercedes,Saudi Arabia,2
RUS,16,3,95.12,medium,Mercedes,Saudi Arabia,2
RUS,17,3,94.892,medium,Mercedes,Saudi Arabia,2
RUS,18,3,132.217,sc,Mercedes,Saudi Arabia,2
RUS,19,3,175.488,sc,Mercedes,Saudi Arabia,2
RUS,20,3,157.575,sc,Mercedes,Saudi Arabia,2
RUS,21,3,96.802,hard,Mercedes,Saudi Arabia,2
RUS,22,3,95.07,hard,Mercedes,Saudi Arabia,2
RUS,23,4,94.958,hard,Mercedes,Saudi Arabia,2
RUS,24,4,95.063,hard,Mercedes,Saudi Arabia,2
RUS,25,4,94.106,hard,Mercedes,Saudi Arabia,2
RUS,26,4,94.493,hard,Mercedes,Saudi Arabia,2
RUS,27,4,94.118,hard,Mercedes,Saudi Arabia,2
RUS,28,4,94.091,hard,Mercedes,Saudi Arabia,2
RUS,29,4,93.688,hard,Mercedes,Saudi Arabia,2
RUS,30,4,94.165,hard,Mercedes,Saudi Arabia,2
RUS,31,4,93.433,hard,Mercedes,Saudi Arabia,2
RUS,32,4,93.633,hard,Mercedes,Saudi Arabia,2
RUS,33,4,93.52,hard,Mercedes,Saudi Arabia,2
RUS,34,4,93.758,hard,Mercedes,Saudi Arabia,2
RUS,35,4,93.756,hard,Mercedes,Saudi Arabia,2
RUS,36,4,93.625,hard,Mercedes,Saudi Arabia,2
RUS,37,4,93.524,hard,Mercedes,Saudi Arabia,2
RUS,38,4,93.42,hard,Mercedes,Saudi Arabia,2
RUS,39,4,93.555,hard,Mercedes,Saudi Arabia,2
RUS,40,4,93.459,hard,Mercedes,Saudi Arabia,2
RUS,41,4,92.998,hard,Mercedes,Saudi Arabia,2
RUS,42,4,93.041,hard,Mercedes,Saudi Arabia,2
RUS,43,4,93.083,hard,Mercedes,Saudi Arabia,2
RUS,44,4,93.243,hard,Mercedes,Saudi Arabia,2
RUS,45,4,92.917,hard,Mercedes,Saudi Arabia,2
RUS,46,4,92.982,hard,Mercedes,Saudi Arabia,2
RUS,47,4,92.901,hard,Mercedes,Saudi Arabia,2
RUS,48,4,92.756,hard,Mercedes,Saudi Arabia,2
RUS,49,4,93.135,hard,Mercedes,Saudi Arabia,2
RUS,50,4,92.433,hard,Mercedes,Saudi Arabia,2
SAI,1,5,99.413,start,Ferrari,Saudi Arabia,2
SAI,2,5,96.583,medium,Ferrari,Saudi Arabia,2
SAI,3,5,95.354,medium,Ferrari,Saudi Arabia,2
SAI,4,5,95.428,medium,Ferrari,Saudi Arabia,2
SAI,5,5,95.433,medium,Ferrari,Saudi Arabia,2
SAI,6,5,95.667,medium,Ferrari,Saudi Arabia,2
SAI,7,5,95.216,medium,Ferrari,Saudi Arabia,2
SAI,8,5,95.321,medium,Ferrari,Saudi Arabia,2
SAI,9,5,96.378,medium,Ferrari,Saudi Arabia,2
SAI,10,5,96.056,medium,Ferrari,Saudi Arabia,2
SAI,11,5,95.842,medium,Ferrari,Saudi Arabia,2
SAI,12,5,95.944,medium,Ferrari,Saudi Arabia,2
SAI,13,4,95.256,medium,Ferrari,Saudi Arabia,2
SAI,14,4,95.001,medium,Ferrari,Saudi Arabia,2
SAI,15,4,97.523,inlap,Ferrari,Saudi Arabia,2
SAI,16,9,113.399,outlap,Ferrari,Saudi Arabia,2
SAI,17,7,102.111,hard,Ferrari,Saudi Arabia,2
SAI,18,6,132.896,sc,Ferrari,Saudi Arabia,2
SAI,19,5,145.323,sc,Ferrari,Saudi Arabia,2
SAI,20,5,155.497,sc,Ferrari,Saudi Arabia,2
SAI,21,5,97.37,hard,Ferrari,Saudi Arabia,2
SAI,22,6,96.313,hard,Ferrari,Saudi Arabia,2
SAI,23,6,95.041,hard,Ferrari,Saudi Arabia,2
SAI,24,6,94.656,hard,Ferrari,Saudi Arabia,2
SAI,25,6,94.814,hard,Ferrari,Saudi Arabia,2
SAI,26,6,94.415,hard,Ferrari,Saudi Arabia,2
SAI,27,6,94.539,hard,Ferrari,Saudi Arabia,2
SAI,28,6,94.762,hard,Ferrari,Saudi Arabia,2
SAI,29,6,94.331,hard,Ferrari,Saudi Arabia,2
SAI,30,6,94.498,hard,Ferrari,Saudi Arabia,2
SAI,31,6,94.104,hard,Ferrari,Saudi Arabia,2
SAI,32,6,93.867,hard,Ferrari,Saudi Arabia,2
SAI,33,6,93.989,hard,Ferrari,Saudi Arabia,2
SAI,34,6,93.861,hard,Ferrari,Saudi Arabia,2
SAI,35,6,93.862,hard,Ferrari,Saudi Arabia,2
SAI,36,6,93.539,hard,Ferrari,Saudi Arabia,2
SAI,37,6,93.803,hard,Ferrari,Saudi Arabia,2
SAI,38,6,93.913,hard,Ferrari,Saudi Arabia,2
SAI,39,6,93.465,hard,Ferrari,Saudi Arabia,2
SAI,40,6,93.403,hard,Ferrari,Saudi Arabia,2
SAI,41,6,93.411,hard,Ferrari,Saudi Arabia,2
SAI,42,6,93.432,hard,Ferrari,Saudi Arabia,2
SAI,43,6,93.288,hard,Ferrari,Saudi Arabia,2
SAI,44,6,93.358,hard,Ferrari,Saudi Arabia,2
SAI,45,6,93.512,hard,Ferrari,Saudi Arabia,2
SAI,46,6,93.149,hard,Ferrari,Saudi Arabia,2
SAI,47,6,93.128,hard,Ferrari,Saudi Arabia,2
SAI,48,6,92.92,hard,Ferrari,Saudi Arabia,2
SAI,49,6,93.564,hard,Ferrari,Saudi Arabia,2
SAI,50,6,92.822,hard,Ferrari,Saudi Arabia,2
STR,1,4,99.093,start,Aston Martin,Saudi Arabia,2
STR,2,4,96.324,medium,Aston Martin,Saudi Arabia,2
STR,3,4,95.239,medium,Aston Martin,Saudi Arabia,2
STR,4,4,95.56,medium,Aston Martin,Saudi Arabia,2
STR,5,4,95.471,medium,Aston Martin,Saudi Arabia,2
STR,6,4,95.551,medium,Aston Martin,Saudi Arabia,2
STR,7,4,95.14,medium,Aston Martin,Saudi Arabia,2
STR,8,4,95.616,medium,Aston Martin,Saudi Arabia,2
STR,9,4,96.118,medium,Aston Martin,Saudi Arabia,2
STR,10,4,95.443,medium,Aston Martin,Saudi Arabia,2
STR,11,4,95.512,medium,Aston Martin,Saudi Arabia,2
STR,12,4,96.522,medium,Aston Martin,Saudi Arabia,2
STR,13,5,98.543,inlap,Aston Martin,Saudi Arabia,2
STR,14,11,114.305,outlap,Aston Martin,Saudi Arabia,2
STR,15,10,96.262,hard,Aston Martin,Saudi Arabia,2
STR,16,10,96.485,hard,Aston Martin,Saudi Arabia,2
VER,1,13,105.222,start,Red Bull,Saudi Arabia,2
VER,2,13,97.68,medium,Red Bull,Saudi Arabia,2
VER,3,13,96.526,medium,Red Bull,Saudi Arabia,2
VER,4,12,96.503,medium,Red Bull,Saudi Arabia,2
VER,5,11,95.359,medium,Red Bull,Saudi Arabia,2
VER,6,11,95.84,medium,Red Bull,Saudi Arabia,2
VER,7,11,95.687,medium,Red Bull,Saudi Arabia,2
VER,8,10,95.129,medium,Red Bull,Saudi Arabia,2
VER,9,9,95.561,medium,Red Bull,Saudi Arabia,2
VER,10,9,95.443,medium,Red Bull,Saudi Arabia,2
VER,11,9,95.306,medium,Red Bull,Saudi Arabia,2
VER,12,8,94.848,medium,Red Bull,Saudi Arabia,2
VER,13,8,95.183,medium,Red Bull,Saudi Arabia,2
VER,14,6,94.2,medium,Red Bull,Saudi Arabia,2
VER,15,6,94.499,medium,Red Bull,Saudi Arabia,2
VER,16,4,94.443,medium,Red Bull,Saudi Arabia,2
VER,17,4,93.79,medium,Red Bull,Saudi Arabia,2
VER,18,4,134.348,sc,Red Bull,Saudi Arabia,2
VER,19,4,167.259,sc,Red Bull,Saudi Arabia,2
VER,20,4,156.511,sc,Red Bull,Saudi Arabia,2
VER,21,4,96.946,hard,Red Bull,Saudi Arabia,2
VER,22,4,94.973,hard,Red Bull,Saudi Arabia,2
VER,23,3,94.115,hard,Red Bull,Saudi Arabia,2
VER,24,3,94.146,hard,Red Bull,Saudi Arabia,2
VER,25,2,92.933,hard,Red Bull,Saudi Arabia,2
VER,26,2,92.94,hard,Red Bull,Saudi Arabia,2
VER,27,2,92.838,hard,Red Bull,Saudi Arabia,2
VER,28,2,92.869,hard,Red Bull,Saudi Arabia,2
VER,29,2,92.67,hard,Red Bull,Saudi Arabia,2
VER,30,2,92.877,hard,Red Bull,Saudi Arabia,2
VER,31,2,92.382,hard,Red Bull,Saudi Arabia,2
VER,32,2,92.4,hard,Red Bull,Saudi Arabia,2
VER,33,2,92.387,hard,Red Bull,Saudi Arabia,2
VER,34,2,92.341,hard,Red Bull,Saudi Arabia,2
VER,35,2,92.249,hard,Red Bull,Saudi Arabia,2
VER,36,2,92.384,hard,Red Bull,Saudi Arabia,2
VER,37,2,92.496,hard,Red Bull,Saudi Arabia,2
VER,38,2,93.123,hard,Red Bull,Saudi Arabia,2
VER,39,2,92.432,hard,Red Bull,Saudi Arabia,2
VER,40,2,92.606,hard,Red Bull,Saudi Arabia,2
VER,41,2,92.638,hard,Red Bull,Saudi Arabia,2
VER,42,2,92.274,hard,Red Bull,Saudi Arabia,2
VER,43,2,92.343,hard,Red Bull,Saudi Arabia,2
VER,44,2,92.848,hard,Red Bull,Saudi Arabia,2
VER,45,2,92.968,hard,Red Bull,Saudi Arabia,2
VER,46,2,93.148,hard,Red Bull,Saudi Arabia,2
VER,47,2,93.238,hard,Red Bull,Saudi Arabia,2
VER,48,2,93.607,hard,Red Bull,Saudi Arabia,2
VER,49,2,93.835,hard,Red Bull,Saudi Arabia,2
VER,50,2,91.906,hard,Red Bull,Saudi Arabia,2
ALO,1,5,105.543,sc,Aston Martin,Australia,3
ALO,2,5,130.728,sc,Aston Martin,Australia,3
ALO,3,5,129.502,sc,Aston Martin,Australia,3
ALO,4,5,84.293,medium,Aston Martin,Australia,3
ALO,5,5,83.29,medium,Aston Martin,Australia,3
ALO,6,5,82.603,medium,Aston Martin,Australia,3
ALO,7,3,95.355,sc,Aston Martin,Australia,3
ALO,8,3,62.497,rf,Aston Martin,Australia,3
ALO,9,3,217.692,restart,Aston Martin,Australia,3
ALO,10,3,88.668,hard,Aston Martin,Australia,3
ALO,11,3,84.644,hard,Aston Martin,Australia,3
ALO,12,3,83.321,hard,Aston Martin,Australia,3
ALO,13,3,83.634,hard,Aston Martin,Australia,3
ALO,14,3,83.424,hard,Aston Martin,Australia,3
ALO,15,3,83.008,hard,Aston Martin,Australia,3
ALO,16,3,82.26,hard,Aston Martin,Australia,3
ALO,17,3,82.261,hard,Aston Martin,Australia,3
ALO,18,3,101.221,vsc,Aston Martin,Australia,3
ALO,19,3,102.386,vsc,Aston Martin,Australia,3
ALO,20,3,82.913,hard,Aston Martin,Australia,3
ALO,21,3,82.921,hard,Aston Martin,Australia,3
ALO,22,3,83.054,hard,Aston Martin,Australia,3
ALO,23,3,83.087,hard,Aston Martin,Australia,3
ALO,24,3,82.885,hard,Aston Martin,Australia,3
ALO,25,3,82.934,hard,Aston Martin,Australia,3
ALO,26,3,82.325,hard,Aston Martin,Australia,3
ALO,27,3,82.354,hard,Aston Martin,Australia,3
ALO,28,3,81.901,hard,Aston Martin,Australia,3
ALO,29,3,82.029,hard,Aston Martin,Australia,3
ALO,30,3,81.932,hard,Aston Martin,Australia,3
ALO,31,3,82.456,hard,Aston Martin,Australia,3
ALO,32,3,82.098,hard,Aston Martin,Australia,3
ALO,33,3,81.991,hard,Aston Martin,Australia,3
ALO,34,3,82.021,hard,Aston Martin,Australia,3
ALO,35,3,81.728,hard,Aston Martin,Australia,3
ALO,36,3,81.687,hard,Aston Martin,Australia,3
ALO,37,3,81.573,hard,Aston Martin,Australia,3
ALO,38,3,81.716,hard,Aston Martin,Australia,3
ALO,39,3,81.654,hard,Aston Martin,Australia,3
ALO,40,3,81.694,hard,Aston Martin,Australia,3
ALO,41,3,81.37,hard,Aston Martin,Australia,3
ALO,42,3,81.284,hard,Aston Martin,Australia,3
ALO,43,3,81.206,hard,Aston Martin,Australia,3
ALO,44,3,80.959,hard,Aston Martin,Australia,3
ALO,45,3,81.063,hard,Aston Martin,Australia,3
ALO,46,3,80.69,hard,Aston Martin,Australia,3
ALO,47,3,81.031,hard,Aston Martin,Australia,3
ALO,48,3,81.118,hard,Aston Martin,Australia,3
ALO,49,3,80.734,hard,Aston Martin,Australia,3
ALO,50,3,80.723,hard,Aston Martin,Australia,3
ALO,51,3,80.904,hard,Aston Martin,Australia,3
ALO,52,3,80.516,hard,Aston Martin,Australia,3
ALO,53,3,80.476,hard,Aston Martin,Australia,3
ALO,54,3,95.066,sc,Aston Martin,Australia,3
ALO,55,3,113.873,rf,Aston Martin,Australia,3
ALO,56,3,228.511,restart,Aston Martin,Australia,3
ALO,57,3,187.549,rf,Aston Martin,Australia,3
ALO,58,3,168.784,restart,Aston Martin,Australia,3
HAM,1,2,100.229,sc,Mercedes,Australia,3
HAM,2,2,132.287,sc,Mercedes,Australia,3
HAM,3,2,131.362,sc,Mercedes,Australia,3
HAM,4,2,83.295,medium,Mercedes,Australia,3
HAM,5,2,83.17,medium,Mercedes,Australia,3
HAM,6,2,82.89,medium,Mercedes,Australia,3
HAM,7,1,94.144,sc,Mercedes,Australia,3
HAM,8,1,172.33,sc,Mercedes,Australia,3
HAM,9,1,74.74,rf,Mercedes,Australia,3
HAM,10,1,123.62,restart,Mercedes,Australia,3
HAM,11,1,83.79,hard,Mercedes,Australia,3
HAM,12,2,84.616,hard,Mercedes,Australia,3
HAM,13,2,83.771,hard,Mercedes,Australia,3
HAM,14,2,83.618,hard,Mercedes,Australia,3
HAM,15,2,82.998,hard,Mercedes,Australia,3
HAM,16,2,82.934,hard,Mercedes,Australia,3
HAM,17,2,82.121,hard,Mercedes,Australia,3
HAM,18,2,100.488,sc,Mercedes,Australia,3
HAM,19,2,103.041,sc,Mercedes,Australia,3
HAM,20,2,82.12,hard,Mercedes,Australia,3
HAM,21,2,82.704,hard,Mercedes,Australia,3
HAM,22,2,82.72,hard,Mercedes,Australia,3
HAM,23,2,82.971,hard,Mercedes,Australia,3
HAM,24,2,83.174,hard,Mercedes,Australia,3
HAM,25,2,82.456,hard,Mercedes,Australia,3
HAM,26,2,82.595,hard,Mercedes,Australia,3
HAM,27,2,82.131,hard,Mercedes,Australia,3
HAM,28,2,82.008,hard,Mercedes,Australia,3
HAM,29,2,82.715,hard,Mercedes,Australia,3
HAM,30,2,82.205,hard,Mercedes,Australia,3
HAM,31,2,82.22,hard,Mercedes,Australia,3
HAM,32,2,82.551,hard,Mercedes,Australia,3
HAM,33,2,81.654,hard,Mercedes,Australia,3
HAM,34,2,81.973,hard,Mercedes,Australia,3
HAM,35,2,81.832,hard,Mercedes,Australia,3
HAM,36,2,82.08,hard,Mercedes,Australia,3
HAM,37,2,81.4,hard,Mercedes,Australia,3
HAM,38,2,81.693,hard,Mercedes,Australia,3
HAM,39,2,81.315,hard,Mercedes,Australia,3
HAM,40,2,81.563,hard,Mercedes,Australia,3
HAM,41,2,81.267,hard,Mercedes,Australia,3
HAM,42,2,81.379,hard,Mercedes,Australia,3
HAM,43,2,81.073,hard,Mercedes,Australia,3
HAM,44,2,80.981,hard,Mercedes,Australia,3
HAM,45,2,81.422,hard,Mercedes,Australia,3
HAM,46,2,81.029,hard,Mercedes,Australia,3
HAM,47,2,80.816,hard,Mercedes,Australia,3
HAM,48,2,80.85,hard,Mercedes,Australia,3
HAM,49,2,80.613,hard,Mercedes,Australia,3
HAM,50,2,80.909,hard,Mercedes,Australia,3
HAM,51,2,80.682,hard,Mercedes,Australia,3
HAM,52,2,80.741,hard,Mercedes,Australia,3
HAM,53,2,80.652,hard,Mercedes,Australia,3
HAM,54,2,95.603,sc,Mercedes,Australia,3
HAM,55,2,159.291,sc,Mercedes,Australia,3
HAM,56,2,63.53,rf,Mercedes,Australia,3
HAM,57,2,144.44,restart,Mercedes,Australia,3
HAM,58,2,211.748,rf,Mercedes,Australia,3
PER,1,18,132.096,sc,Red Bull,Australia,3
PER,2,18,131.789,sc,Red Bull,Australia,3
PER,3,18,110.649,sc,Red Bull,Australia,3
PER,4,17,85.108,hard,Red Bull,Australia,3
PER,5,17,84.501,hard,Red Bull,Australia,3
PER,6,16,83.584,hard,Red Bull,Australia,3
PER,7,14,101.11,sc,Red Bull,Australia,3
PER,8,14,83.263,rf,Red Bull,Australia,3
PER,9,13,181.911,restart,Red Bull,Australia,3
PER,10,16,93.436,hard,Red Bull,Australia,3
PER,11,16,86.003,hard,Red Bull,Australia,3
PER,12,16,83.982,hard,Red Bull,Australia,3
PER,13,15,83.052,hard,Red Bull,Australia,3
PER,14,15,83.33,hard,Red Bull,Australia,3
PER,15,14,84.167,hard,Red Bull,Australia,3
PER,16,13,84.299,hard,Red Bull,Australia,3
PER,17,12,82.345,hard,Red Bull,Australia,3
PER,18,12,108.483,rf,Red Bull,Australia,3
PER,19,12,96.565,restart,Red Bull,Australia,3
PER,20,12,82.757,hard,Red Bull,Australia,3
PER,21,11,83.537,hard,Red Bull,Australia,3
PER,22,10,82.737,hard,Red Bull,Australia,3
PER,23,9,82.186,hard,Red Bull,Australia,3
PER,24,9,82.678,hard,Red Bull,Australia,3
PER,25,9,82.064,hard,Red Bull,Australia,3
PER,26,9,82.224,hard,Red Bull,Australia,3
PER,27,9,82.07,hard,Red Bull,Australia,3
PER,28,9,82.244,hard,Red Bull,Australia,3
PER,29,9,81.908,hard,Red Bull,Australia,3
PER,30,9,81.918,hard,Red Bull,Australia,3
PER,31,9,81.812,hard,Red Bull,Australia,3
PER,32,9,81.456,hard,Red Bull,Australia,3
PER,33,9,81.807,hard,Red Bull,Australia,3
PER,34,9,81.907,hard,Red Bull,Australia,3
PER,35,9,82.236,hard,Red Bull,Australia,3
PER,36,9,82.059,hard,Red Bull,Australia,3
PER,37,9,81.814,hard,Red Bull,Australia,3
PER,38,9,81.701,hard,Red Bull,Australia,3
PER,39,9,81.718,hard,Red Bull,Australia,3
PER,40,9,81.602,hard,Red Bull,Australia,3
PER,41,9,81.744,hard,Red Bull,Australia,3
PER,42,9,80.979,hard,Red Bull,Australia,3
PER,43,8,80.697,hard,Red Bull,Australia,3
PER,44,7,81.232,hard,Red Bull,Australia,3
PER,45,7,81.147,hard,Red Bull,Australia,3
PER,46,7,81.004,hard,Red Bull,Australia,3
PER,47,7,80.643,hard,Red Bull,Australia,3
PER,48,7,80.732,hard,Red Bull,Australia,3
PER,49,7,80.747,hard,Red Bull,Australia,3
PER,50,7,81.019,hard,Red Bull,Australia,3
PER,51,7,81.31,hard,Red Bull,Australia,3
PER,52,7,80.855,hard,Red Bull,Australia,3
PER,53,7,80.235,hard,Red Bull,Australia,3
PER,54,7,100.5,sc,Red Bull,Australia,3
PER,55,7,111.29,rf,Red Bull,Australia,3
PER,56,7,215.812,restart,Red Bull,Australia,3
PER,57,6,194.312,rf,Red Bull,Australia,3
PER,58,6,163.325,restart,Red Bull,Australia,3
RUS,1,1,97.854,sc,Mercedes,Australia,3
RUS,2,1,133.298,sc,Mercedes,Australia,3
RUS,3,1,132.017,sc,Mercedes,Australia,3
RUS,4,1,83.134,medium,Mercedes,Australia,3
RUS,5,1,83.134,medium,Mercedes,Australia,3
RUS,6,1,83.159,medium,Mercedes,Australia,3
RUS,7,7,107.537,sc,Mercedes,Australia,3
RUS,8,7,68.782,rf,Mercedes,Australia,3
RUS,9,7,203.766,restart,Mercedes,Australia,3
RUS,10,5,89.218,hard,Mercedes,Australia,3
RUS,11,5,84.617,hard,Mercedes,Australia,3
RUS,12,5,83.169,hard,Mercedes,Australia,3
RUS,13,4,83.705,hard,Mercedes,Australia,3
RUS,14,4,83.073,hard,Mercedes,Australia,3
RUS,15,4,83.079,hard,Mercedes,Australia,3
RUS,16,4,82.68,hard,Mercedes,Australia,3
RUS,17,15,94.488,sc,Mercedes,Australia,3
SAI,1,4,103.866,sc,Ferrari,Australia,3
SAI,2,4,131.411,sc,Ferrari,Australia,3
SAI,3,4,129.958,sc,Ferrari,Australia,3
SAI,4,4,83.889,medium,Ferrari,Australia,3
SAI,5,4,83.217,medium,Ferrari,Australia,3
SAI,6,4,82.809,medium,Ferrari,Australia,3
SAI,7,8,108.202,sc,Ferrari,Australia,3
SAI,8,11,79.71,rf,Ferrari,Australia,3
SAI,9,11,190.689,restart,Ferrari,Australia,3
SAI,10,10,90.864,hard,Ferrari,Australia,3
SAI,11,9,84.433,hard,Ferrari,Australia,3
SAI,12,8,83.199,hard,Ferrari,Australia,3
SAI,13,8,82.862,hard,Ferrari,Australia,3
SAI,14,7,82.958,hard,Ferrari,Australia,3
SAI,15,6,82.587,hard,Ferrari,Australia,3
SAI,16,6,83.225,hard,Ferrari,Australia,3
SAI,17,5,82.945,hard,Ferrari,Australia,3
SAI,18,5,104.581,sc,Ferrari,Australia,3
SAI,19,5,99.533,sc,Ferrari,Australia,3
SAI,20,5,82.102,hard,Ferrari,Australia,3
SAI,21,5,82.15,hard,Ferrari,Australia,3
SAI,22,5,82.903,hard,Ferrari,Australia,3
SAI,23,5,82.523,hard,Ferrari,Australia,3
SAI,24,5,82.425,hard,Ferrari,Australia,3
SAI,25,4,82.994,hard,Ferrari,Australia,3
SAI,26,4,82.438,hard,Ferrari,Australia,3
SAI,27,4,82.099,hard,Ferrari,Australia,3
SAI,28,4,81.919,hard,Ferrari,Australia,3
SAI,29,4,82.412,hard,Ferrari,Australia,3
SAI,30,4,82.155,hard,Ferrari,Australia,3
SAI,31,4,81.854,hard,Ferrari,Australia,3
SAI,32,4,81.986,hard,Ferrari,Australia,3
SAI,33,4,81.77,hard,Ferrari,Australia,3
SAI,34,4,81.877,hard,Ferrari,Australia,3
SAI,35,4,81.692,hard,Ferrari,Australia,3
SAI,36,4,81.695,hard,Ferrari,Australia,3
SAI,37,4,81.659,hard,Ferrari,Australia,3
SAI,38,4,81.552,hard,Ferrari,Australia,3
SAI,39,4,81.852,hard,Ferrari,Australia,3
SAI,40,4,81.942,hard,Ferrari,Australia,3
SAI,41,4,81.412,hard,Ferrari,Australia,3
SAI,42,4,81.34,hard,Ferrari,Australia,3
SAI,43,4,81.074,hard,Ferrari,Australia,3
SAI,44,4,81.337,hard,Ferrari,Australia,3
SAI,45,4,81.303,hard,Ferrari,Australia,3
SAI,46,4,81.308,hard,Ferrari,Australia,3
SAI,47,4,81.033,hard,Ferrari,Australia,3
SAI,48,4,81.235,hard,Ferrari,Australia,3
SAI,49,4,81.102,hard,Ferrari,Australia,3
SAI,50,4,80.97,hard,Ferrari,Australia,3
SAI,51,4,80.826,hard,Ferrari,Australia,3
SAI,52,4,80.719,hard,Ferrari,Australia,3
SAI,53,4,80.467,hard,Ferrari,Australia,3
SAI,54,4,98.214,sc,Ferrari,Australia,3
SAI,55,4,110.212,rf,Ferrari,Australia,3
SAI,56,4,225.796,restart,Ferrari,Australia,3
SAI,57,4,189.664,rf,Ferrari,Australia,3
SAI,58,4,167.016,restart,Ferrari,Australia,3
STR,1,7,108.052,sc,Aston Martin,Australia,3
STR,2,7,131.142,sc,Aston Martin,Australia,3
STR,3,7,127.757,sc,Aston Martin,Australia,3
STR,4,7,84.385,medium,Aston Martin,Australia,3
STR,5,7,83.937,medium,Aston Martin,Australia,3
STR,6,7,83.076,medium,Aston Martin,Australia,3
STR,7,4,98.03,sc,Aston Martin,Australia,3
STR,8,4,60.934,rf,Aston Martin,Australia,3
STR,9,4,214.648,restart,Aston Martin,Australia,3
STR,10,6,90.499,hard,Aston Martin,Australia,3
STR,11,6,84.738,hard,Aston Martin,Australia,3
STR,12,6,83.277,hard,Aston Martin,Australia,3
STR,13,6,83.802,hard,Aston Martin,Australia,3
STR,14,6,83.271,hard,Aston Martin,Australia,3
STR,15,7,83.647,hard,Aston Martin,Australia,3
STR,16,7,83.077,hard,Aston Martin,Australia,3
STR,17,6,83.317,hard,Aston Martin,Australia,3
STR,18,6,105.34,sc,Aston Martin,Australia,3
STR,19,6,98.708,sc,Aston Martin,Australia,3
STR,20,6,82.155,hard,Aston Martin,Australia,3
STR,21,6,82.187,hard,Aston Martin,Australia,3
STR,22,6,82.731,hard,Aston Martin,Australia,3
STR,23,6,82.699,hard,Aston Martin,Australia,3
STR,24,6,82.543,hard,Aston Martin,Australia,3
STR,25,6,83.371,hard,Aston Martin,Australia,3
STR,26,6,82.502,hard,Aston Martin,Australia,3
STR,27,6,82.104,hard,Aston Martin,Australia,3
STR,28,6,82.187,hard,Aston Martin,Australia,3
STR,29,6,82.005,hard,Aston Martin,Australia,3
STR,30,6,82.187,hard,Aston Martin,Australia,3
STR,31,6,82.069,hard,Aston Martin,Australia,3
STR,32,6,82.174,hard,Aston Martin,Australia,3
STR,33,6,81.976,hard,Aston Martin,Australia,3
STR,34,6,82.231,hard,Aston Martin,Australia,3
STR,35,6,82.065,hard,Aston Martin,Australia,3
STR,36,6,82.048,hard,Aston Martin,Australia,3
STR,37,6,82.298,hard,Aston Martin,Australia,3
STR,38,6,81.451,hard,Aston Martin,Australia,3
STR,39,6,81.691,hard,Aston Martin,Australia,3
STR,40,6,81.506,hard,Aston Martin,Australia,3
STR,41,6,81.725,hard,Aston Martin,Australia,3
STR,42,6,81.583,hard,Aston Martin,Australia,3
STR,43,6,81.189,hard,Aston Martin,Australia,3
STR,44,6,82.039,hard,Aston Martin,Australia,3
STR,45,6,81.317,hard,Aston Martin,Australia,3
STR,46,6,81.273,hard,Aston Martin,Australia,3
STR,47,6,81.435,hard,Aston Martin,Australia,3
STR,48,6,81.025,hard,Aston Martin,Australia,3
STR,49,6,81.133,hard,Aston Martin,Australia,3
STR,50,6,80.934,hard,Aston Martin,Australia,3
STR,51,6,81.155,hard,Aston Martin,Australia,3
STR,52,6,81.131,hard,Aston Martin,Australia,3
STR,53,6,80.957,hard,Aston Martin,Australia,3
STR,54,6,99.175,sc,Aston Martin,Australia,3
STR,55,6,109.361,rf,Aston Martin,Australia,3
STR,56,6,220.526,restart,Aston Martin,Australia,3
STR,57,5,190.614,rf,Aston Martin,Australia,3
STR,58,5,167.064,restart,Aston Martin,Australia,3
VER,1,3,101.571,sc,Red Bull,Australia,3
VER,2,3,132.105,sc,Red Bull,Australia,3
VER,3,3,130.657,sc,Red Bull,Australia,3
VER,4,3,83.391,medium,Red Bull,Australia,3
VER,5,3,83.104,medium,Red Bull,Australia,3
VER,6,3,82.843,medium,Red Bull,Australia,3
VER,7,2,95.07,sc,Red Bull,Australia,3
VER,8,2,60.581,rf,Red Bull,Australia,3
VER,9,2,221.774,restart,Red Bull,Australia,3
VER,10,2,87.827,hard,Red Bull,Australia,3
VER,11,2,83.46,hard,Red Bull,Australia,3
VER,12,1,81.994,hard,Red Bull,Australia,3
VER,13,1,83.286,hard,Red Bull,Australia,3
VER,14,1,82.869,hard,Red Bull,Australia,3
VER,15,1,82.817,hard,Red Bull,Australia,3
VER,16,1,82.599,hard,Red Bull,Australia,3
VER,17,1,82.595,hard,Red Bull,Australia,3
VER,18,1,100.315,sc,Red Bull,Australia,3
VER,19,1,103.75,sc,Red Bull,Australia,3
VER,20,1,82.389,hard,Red Bull,Australia,3
VER,21,1,82.11,hard,Red Bull,Australia,3
VER,22,1,82.269,hard,Red Bull,Australia,3
VER,23,1,82.193,hard,Red Bull,Australia,3
VER,24,1,81.843,hard,Red Bull,Australia,3
VER,25,1,82.104,hard,Red Bull,Australia,3
VER,26,1,81.972,hard,Red Bull,Australia,3
VER,27,1,81.924,hard,Red Bull,Australia,3
VER,28,1,81.926,hard,Red Bull,Australia,3
VER,29,1,81.772,hard,Red Bull,Australia,3
VER,30,1,82.002,hard,Red Bull,Australia,3
VER,31,1,82.024,hard,Red Bull,Australia,3
VER,32,1,82.012,hard,Red Bull,Australia,3
VER,33,1,81.819,hard,Red Bull,Australia,3
VER,34,1,81.894,hard,Red Bull,Australia,3
VER,35,1,81.681,hard,Red Bull,Australia,3
VER,36,1,81.732,hard,Red Bull,Australia,3
VER,37,1,81.403,hard,Red Bull,Australia,3
VER,38,1,81.319,hard,Red Bull,Australia,3
VER,39,1,81.578,hard,Red Bull,Australia,3
VER,40,1,81.078,hard,Red Bull,Australia,3
VER,41,1,80.986,hard,Red Bull,Australia,3
VER,42,1,81.148,hard,Red Bull,Australia,3
VER,43,1,81.166,hard,Red Bull,Australia,3
VER,44,1,81.089,hard,Red Bull,Australia,3
VER,45,1,80.807,hard,Red Bull,Australia,3
VER,46,1,80.703,hard,Red Bull,Australia,3
VER,47,1,84.107,hard,Red Bull,Australia,3
VER,48,1,81.073,hard,Red Bull,Australia,3
VER,49,1,80.342,hard,Red Bull,Australia,3
VER,50,1,80.471,hard,Red Bull,Australia,3
VER,51,1,80.632,hard,Red Bull,Australia,3
VER,52,1,80.738,hard,Red Bull,Australia,3
VER,53,1,80.671,hard,Red Bull,Australia,3
VER,54,1,91.178,sc,Red Bull,Australia,3
VER,55,1,168.5,rf,Red Bull,Australia,3
VER,56,1,88.831,restart,Red Bull,Australia,3
VER,57,1,179.625,rf,Red Bull,Australia,3
VER,58,1,214.652,restart,Red Bull,Australia,3
